gene	Cases	Controls	Fish_pval	CI_lower	CI_upper	OR_Fish	case_coh_size	cont_coh_size	Coh
CEP_HAUS_core	14	2	1.44186375732143e-05	3.15177763658823	124.947574088106	13.7494960669133	1644	3205	original
CEP_HAUS_core	14	2	1.34558553031665e-05	3.17704750167591	125.959622851482	13.8599963386453	1631	3205	PCs_min13
CEP_HAUS_core	8	0	0.000165496961137745	3.36467079355648	Inf	Inf	1631	3205	PCs_EMMAX_min13
CEP_HAUS_core	12	2	9.14971366165132e-05	2.63652634917354	109.337484401109	11.8663117380168	1631	3205	kingGRM_EMMAX_min13
CEP_HAUS_core	12	2	9.14971366165132e-05	2.63652634917354	109.337484401109	11.8663117380168	1631	3205	kingPCs_EMMAX_min13
