gene	Cases	Controls	Fish_pval	CI_lower	CI_upper	OR_Fish	case_coh_size	cont_coh_size	Coh
Shelterin	25	12	3.22799148083194e-05	1.98259209473115	9.00019006321094	4.10745242197156	1644	3205	original
Shelterin	25	12	2.99455108253541e-05	1.99855342965241	9.07085122534237	4.14068662691762	1631	3205	PCs_min13
Shelterin	25	12	2.99455108253541e-05	1.99855342965241	9.07085122534237	4.14068662691762	1631	3205	PCs_EMMAX_min13
Shelterin	25	12	2.99455108253541e-05	1.99855342965241	9.07085122534237	4.14068662691762	1631	3205	kingGRM_EMMAX_min13
Shelterin	25	12	2.99455108253541e-05	1.99855342965241	9.07085122534237	4.14068662691762	1631	3205	kingPCs_EMMAX_min13
