gene	Cases	Controls	Fish_pval	CI_lower	CI_upper	OR_Fish	case_coh_size	cont_coh_size	model	adj.pval
Shelterin	20	6	5.22982736944904e-06	2.64646627313452	20.8861841379165	6.85021752592931	1575	3203	PCs_min71	4.18386189555923e-05
Centrosome	14	2	9.9554236725073e-06	3.28859677665655	130.433413977283	14.3480662235905	1575	3203	PCs_min71	7.96433893800584e-05
Shelterin	20	6	5.22982736944904e-06	2.64646627313452	20.8861841379165	6.85021752592931	1575	3203	PCs_nullEMMAX_min71	4.18386189555923e-05
Centrosome	8	0	0.000137749048778311	3.48258999230728	Inf	Inf	1575	3203	PCs_nullEMMAX_min71	0.00110199239022649
Shelterin	20	6	5.22982736944904e-06	2.64646627313452	20.8861841379165	6.85021752592931	1575	3203	stdGRM_nullEMMAX_min71	4.18386189555923e-05
Centrosome	9	2	0.00123725926347377	1.89986040701898	87.6497604732356	9.19398551005054	1575	3203	stdGRM_nullEMMAX_min71	0.00989807410779019
Shelterin	20	6	8.52367478844633e-06	2.53587098515614	20.0103173764245	6.56342101453154	1644	3205	std_PCs	6.81893983075706e-05
Centrosome	14	2	1.44186375732143e-05	3.15177763658823	124.947574088106	13.7494960669133	1644	3205	std_PCs	0.000115349100585715
